-- phpMyAdmin SQL Dump
-- version 5.0.2
-- https://www.phpmyadmin.net/
--
-- Host: 127.0.0.1:3306
-- Generation Time: Dec 10, 2021 at 03:48 PM
-- Server version: 8.0.21
-- PHP Version: 7.3.21

SET SQL_MODE = "NO_AUTO_VALUE_ON_ZERO";
START TRANSACTION;
SET time_zone = "+00:00";


/*!40101 SET @OLD_CHARACTER_SET_CLIENT=@@CHARACTER_SET_CLIENT */;
/*!40101 SET @OLD_CHARACTER_SET_RESULTS=@@CHARACTER_SET_RESULTS */;
/*!40101 SET @OLD_COLLATION_CONNECTION=@@COLLATION_CONNECTION */;
/*!40101 SET NAMES utf8mb4 */;

--
-- Database: `dbschool`
--

-- --------------------------------------------------------

--
-- Table structure for table `sub_subject`
--

DROP TABLE IF EXISTS `sub_subject`;
CREATE TABLE IF NOT EXISTS `sub_subject` (
  `1` int DEFAULT NULL,
  `sub001` varchar(6) DEFAULT NULL,
  `សរសេរតាមអាន` varchar(15) DEFAULT NULL
) ENGINE=MyISAM DEFAULT CHARSET=utf8;

--
-- Dumping data for table `sub_subject`
--

INSERT INTO `sub_subject` (`1`, `sub001`, `សរសេរតាមអាន`) VALUES
(2, 'sub001', 'តែងសេចក្ដី'),
(3, 'sub001', 'រៀនពាក្យ'),
(4, 'sub001', 'ការស្ដាប់'),
(5, 'sub001', 'ការសរសេរ'),
(6, 'sub001', 'ការនិយាយ'),
(7, 'sub001', 'វេយ្យាក៏'),
(8, 'sub002', 'ស្ថិត្តិ'),
(9, 'sub002', 'ចំនួន'),
(10, 'sub002', 'ភាគរយ'),
(11, 'sub002', 'ចំនួនទសភាគ'),
(12, 'sub002', 'ចំនួនចំរុះ'),
(13, 'sub002', 'ផលធៀប'),
(14, 'sub002', 'ប្រភាគ'),
(15, 'sub002', 'ខ្នាត'),
(16, 'sub002', 'ធណីមាត្រ'),
(17, 'sub002', 'ចំនួនគត់'),
(18, 'sub003', 'បរិស្ថាន'),
(19, 'sub003', 'លំហរ'),
(20, 'sub004', 'សីសធម៌'),
(21, 'sub004', 'របាំ'),
(22, 'sub004', 'ភូមិសាស្រ្ដ'),
(23, 'sub004', 'ប្រវត្តិសាស្រ្ដ'),
(24, 'sub005', 'ភាសាអង្គគ្លេស'),
(25, 'sub005', 'ភាសាចិន'),
(26, 'sub006', 'ហត្ថកម្ម'),
(27, 'sub007', 'កីឡា');

-- --------------------------------------------------------

--
-- Table structure for table `tblday`
--

DROP TABLE IF EXISTS `tblday`;
CREATE TABLE IF NOT EXISTS `tblday` (
  `1` int DEFAULT NULL,
  `ច័ន្ទ` varchar(9) DEFAULT NULL
) ENGINE=MyISAM DEFAULT CHARSET=utf8;

--
-- Dumping data for table `tblday`
--

INSERT INTO `tblday` (`1`, `ច័ន្ទ`) VALUES
(2, 'អង្គារ'),
(3, 'ពុធ'),
(4, 'ព្រហស្បត៍'),
(5, 'សុក្រ'),
(6, 'សៅរ៍'),
(7, 'អាទិត្យ');

-- --------------------------------------------------------

--
-- Table structure for table `tblteachersubjects`
--

DROP TABLE IF EXISTS `tblteachersubjects`;
CREATE TABLE IF NOT EXISTS `tblteachersubjects` (
  `Teacher0001` varchar(11) DEFAULT NULL,
  `sub001` varchar(6) DEFAULT NULL
) ENGINE=MyISAM DEFAULT CHARSET=utf8;

--
-- Dumping data for table `tblteachersubjects`
--

INSERT INTO `tblteachersubjects` (`Teacher0001`, `sub001`) VALUES
('Teacher0001', 'sub004'),
('Teacher0002', 'sub002'),
('Teacher0002', 'sub003');

-- --------------------------------------------------------

--
-- Table structure for table `tbltime`
--

DROP TABLE IF EXISTS `tbltime`;
CREATE TABLE IF NOT EXISTS `tbltime` (
  `1` int DEFAULT NULL,
  `7:00 ព្រឹក` varchar(11) DEFAULT NULL,
  `8:00 ព្រឹក` varchar(11) DEFAULT NULL
) ENGINE=MyISAM DEFAULT CHARSET=utf8;

--
-- Dumping data for table `tbltime`
--

INSERT INTO `tbltime` (`1`, `7:00 ព្រឹក`, `8:00 ព្រឹក`) VALUES
(2, '8:00 ព្រឹក', '9:00 ព្រឹក'),
(3, '9:00 ព្រឹក', '10:00 ព្រឹក'),
(4, '10:00 ព្រឹក', '11:00 ព្រឹក');

-- --------------------------------------------------------

--
-- Table structure for table `tbl_roles`
--

DROP TABLE IF EXISTS `tbl_roles`;
CREATE TABLE IF NOT EXISTS `tbl_roles` (
  `1` int DEFAULT NULL,
  `0` int DEFAULT NULL,
  `6` int DEFAULT NULL,
  `2021-10-02 23:13:13` varchar(19) DEFAULT NULL
) ENGINE=MyISAM DEFAULT CHARSET=utf8;

--
-- Dumping data for table `tbl_roles`
--

INSERT INTO `tbl_roles` (`1`, `0`, `6`, `2021-10-02 23:13:13`) VALUES
(2, 1, 5, '2021-10-02 23:13:19'),
(3, 2, 4, '2021-10-02 23:13:29'),
(4, 4, 2, '2021-10-02 23:13:46');

-- --------------------------------------------------------

--
-- Table structure for table `tbl_scores`
--

DROP TABLE IF EXISTS `tbl_scores`;
CREATE TABLE IF NOT EXISTS `tbl_scores` (
  `1` int DEFAULT NULL,
  `1=28,2=22,3=30,4=78` varchar(19) DEFAULT NULL,
  `m` varchar(2) DEFAULT NULL,
  `79` decimal(3,1) DEFAULT NULL,
  `1,21` varchar(4) DEFAULT NULL,
  `0` int DEFAULT NULL
) ENGINE=MyISAM DEFAULT CHARSET=utf8;

--
-- Dumping data for table `tbl_scores`
--

INSERT INTO `tbl_scores` (`1`, `1=28,2=22,3=30,4=78`, `m`, `79`, `1,21`, `0`) VALUES
(2, '1=28,2=27,3=30,4=96', 's1', '90.5', '4,21', 0);

-- --------------------------------------------------------

--
-- Table structure for table `t_class_study`
--

DROP TABLE IF EXISTS `t_class_study`;
CREATE TABLE IF NOT EXISTS `t_class_study` (
  `cls001` varchar(6) DEFAULT NULL,
  `One` varchar(5) DEFAULT NULL,
  `room001` varchar(7) DEFAULT NULL,
  `10-June-2021` varchar(10) DEFAULT NULL,
  `10-August-2021` varchar(13) DEFAULT NULL,
  `7:00 AM-11:00AM` varchar(18) DEFAULT NULL,
  `Start soon` varchar(10) DEFAULT NULL
) ENGINE=MyISAM DEFAULT CHARSET=utf8;

--
-- Dumping data for table `t_class_study`
--

INSERT INTO `t_class_study` (`cls001`, `One`, `room001`, `10-June-2021`, `10-August-2021`, `7:00 AM-11:00AM`, `Start soon`) VALUES
('cls002', 'Two', 'room002', '5-May-2021', '5-August-2021', '7:00 AM - 11:00 AM', 'Active'),
('cls003', 'Three', 'room003', '01-04-2021', '30-08-2021', 'ច័ន្ទ-សុក្រ', 'Active'),
('cls004', 'Four', 'room004', '14-06-2021', '14-09-2021', 'ចុងសប្ដាហ៍', 'Start soon'),
('cls005', 'Five', 'room005', '2021-07-11', '2021-07-31', 'ចុងសប្ដាហ៍', 'Active'),
('cls006', 'Six', 'room006', '8-07-2021', '30-08-2021', 'ច័ន្ទ-សៅរ៍', 'Active'),
('cls007', 'Seven', 'room007', '2021-09-01', '2021-09-30', 'ច័ន្ទ-សៅរ៍', 'Start soon'),
('cls008', 'Eight', 'room008', '2021-07-13', '2021-08-31', 'ច័ន្ទ-សុក្រ', 'Start soon');

-- --------------------------------------------------------

--
-- Table structure for table `t_country`
--

DROP TABLE IF EXISTS `t_country`;
CREATE TABLE IF NOT EXISTS `t_country` (
  `1` int DEFAULT NULL,
  `កម្ពុជា` varchar(7) DEFAULT NULL
) ENGINE=MyISAM DEFAULT CHARSET=utf8;

--
-- Dumping data for table `t_country`
--

INSERT INTO `t_country` (`1`, `កម្ពុជា`) VALUES
(2, 'ថៃ'),
(3, 'អាមេរិក'),
(4, 'បារាំង');

-- --------------------------------------------------------

--
-- Table structure for table `t_district`
--

DROP TABLE IF EXISTS `t_district`;
CREATE TABLE IF NOT EXISTS `t_district` (
  `1` int DEFAULT NULL,
  `ស្រុកបាណន់` varchar(23) DEFAULT NULL,
  `2` int DEFAULT NULL
) ENGINE=MyISAM DEFAULT CHARSET=utf8;

--
-- Dumping data for table `t_district`
--

INSERT INTO `t_district` (`1`, `ស្រុកបាណន់`, `2`) VALUES
(2, 'ស្រុកថ្មគោល', 2),
(3, 'ក្រុងបាត់ដំបង', 2),
(4, 'ស្រុកបវេល', 2),
(5, 'ស្រុកឯកភ្នំ', 2),
(6, 'ស្រុកមោងឫស្សី', 2),
(7, 'ស្រុករតនមណ្ឌល', 2),
(8, 'ស្រុកសង្កែ', 2),
(9, 'ស្រុកសំឡូត', 2),
(10, 'ស្រុកសំពៅលូន', 2),
(11, 'ស្រុកភ្នំព្រឹក', 2),
(12, 'ស្រុកកំរៀង', 2),
(13, 'ស្រុកគាស់ក្រឡ', 2),
(14, 'ស្រុករុក្ខគិរី', 2),
(15, 'ស្រុកមង្គលបូរី', 1),
(16, 'ស្រុកភ្នំស្រុក', 1),
(17, 'ស្រុកព្រះនេត្រព្រះ', 1),
(18, 'ស្រុកអូរជ្រៅ', 1),
(20, 'ស្រុកថ្មពួក', 1),
(21, 'ស្រុកស្វាយចេក', 1),
(22, 'ស្រុកម៉ាឡៃ', 1),
(23, 'ក្រុងប៉ោយប៉ែត', 1),
(29, 'ក្រុងសិរីសោភ័ណ', 1),
(30, 'ស្រុកបាធាយ', 3),
(31, 'ស្រុកចំការលើ', 3),
(32, 'ស្រុកជើងព្រៃ', 3),
(33, 'ក្រុងកំពង់ចាម', 3),
(34, 'ស្រុកកំពង់សៀម', 3),
(35, 'ស្រុកកងមាស', 3),
(36, 'ស្រុកកោះសូទិន', 3),
(37, 'ស្រុកព្រៃឈរ', 3),
(38, 'ស្រុកស្រីសន្ធរ', 3),
(39, 'ស្រុកស្ទឹងត្រង់', 3),
(40, 'ស្រុកបរិបូណ៌', 4),
(41, 'ស្រុកជលគីរី', 4),
(42, 'ក្រុងកំពង់ឆ្នាំង', 4),
(43, 'ស្រុកកំពង់លែង', 4),
(44, 'ស្រុកកំពង់ត្រឡាច', 4),
(45, 'ស្រុករលាប្អៀរ', 4),
(46, 'ស្រុកសាមគ្គីមានជ័យ', 4),
(47, 'ស្រុកទឹកផុស', 4),
(48, 'ស្រុកបរសេដ្ឋ', 5),
(49, 'ក្រុងច្បារមន', 5),
(50, 'ស្រុកគងពិសី', 5),
(51, 'ស្រុកឱរ៉ាល់', 5),
(52, 'ស្រុកឧដុង្គ', 5),
(53, 'ស្រុកភ្នំស្រួច', 5),
(54, 'ស្រុកសំរោងទង', 5),
(55, 'ស្រុកថ្ពង', 5),
(56, 'ស្រុកបារាយណ៍', 6),
(57, 'ស្រុកកំពង់ស្វាយ', 6),
(58, 'ក្រុងស្ទឹងសែន', 6),
(59, 'ស្រុកប្រាសាទបល្ល័ង្គ', 6),
(60, 'ស្រុកប្រាសាទសំបូរ', 6),
(61, 'ស្រុកសណ្ដាន់', 6),
(62, 'ស្រុកសន្ទុក', 6),
(63, 'ស្រុកស្ទោង', 6),
(64, 'ស្រុកតាំងគោក', 6),
(65, 'ស្រុកអង្គរជ័យ', 7),
(66, 'ស្រុកបន្ទាយមាស', 7),
(67, 'ស្រុកឈូក', 7),
(68, 'ស្រុកជុំគិរី', 7),
(69, 'ស្រុកដងទង់', 7),
(70, 'ស្រុកកំពង់ត្រាច', 7),
(71, 'ស្រុកទឹកឈូ', 7),
(72, 'ក្រុងកំពត', 7),
(73, 'ស្រុកកណ្ដាលស្ទឹង', 8),
(74, 'ស្រុកកៀនស្វាយ', 8),
(75, 'ស្រុកខ្សាច់កណ្ដាល', 8),
(76, 'ស្រុកកោះធំ', 8),
(77, 'ស្រុកលើកដែក', 8),
(78, 'ស្រុកល្វាឯម', 8),
(79, 'ស្រុកមុខកំពូល', 8),
(80, 'ស្រុកអង្គស្នួល', 8),
(81, 'ស្រុកពញាឮ', 8),
(82, 'ស្រុកស្អាង', 8),
(83, 'ក្រុងតាខ្មៅ', 8),
(84, 'ស្រុកបុទុមសាគរ', 9),
(85, 'ស្រុកគិរីសាគរ', 9),
(86, 'ស្រុកកោះកុង', 9),
(87, 'ក្រុងខេមរភូមិន្ទ', 9),
(88, 'ស្រុកមណ្ឌលសីមា', 9),
(89, 'ស្រុកស្រែ អំបិល', 9),
(90, 'ស្រុកថ្មបាំង', 9),
(91, 'ស្រុកឆ្លូង', 10),
(92, 'ក្រុងក្រចេះ', 10),
(93, 'ស្រុកព្រែកប្រសព្វ', 10),
(94, 'ស្រុកសំបូរ', 10),
(95, 'ស្រុកស្នួល', 10),
(96, 'ស្រុកចិត្របុរី', 10),
(97, 'ស្រុកកែវសីមា', 11),
(98, 'ស្រុកកោះញែក', 11),
(99, 'ស្រុកអូររាំង', 11),
(100, 'ស្រុកពេជ្រាដា', 11),
(101, 'ក្រុងសែនមនោរម្យ', 11),
(102, 'ខណ្ឌចំការមន', 12),
(103, 'ខណ្ឌដូនពេញ', 12),
(104, 'ខណ្ឌ៧មករា', 12),
(105, 'ខណ្ឌទួលគោក', 12),
(106, 'ខណ្ឌដង្កោ', 12),
(107, 'ខណ្ឌមានជ័យ', 12),
(108, 'ខណ្ឌឫស្សីកែវ', 12),
(109, 'ខណ្ឌសែនសុខ', 12),
(110, 'ខណ្ឌពោធិ៍សែនជ័យ', 12),
(111, 'ខណ្ឌជ្រោយចង្វារ', 12),
(112, 'ខណ្ឌព្រែកព្នៅ', 12),
(113, 'ខណ្ឌច្បារអំពៅ', 12),
(114, 'ខណ្ឌបឹងកេងកង', 12),
(115, 'ខណ្ឌកំបូល', 12),
(116, 'ស្រុកជ័យសែន', 13),
(117, 'ស្រុកឆែប', 13),
(118, 'ស្រុកជាំក្សាន្ដ', 13),
(119, 'ស្រុកគូលែន', 13),
(120, 'ស្រុករវៀង', 13),
(121, 'ស្រុកសង្គមថ្មី', 13),
(122, 'ស្រុកត្បែងមានជ័យ', 13),
(123, 'ក្រុងព្រះវិហារ', 13),
(124, 'ស្រុកបាភ្នំ', 14),
(125, 'ស្រុកកំចាយមារ', 14),
(126, 'ស្រុកកំពង់ត្របែក', 14),
(127, 'ស្រុកកញ្ជ្រៀច', 14),
(128, 'ស្រុកមេសាង', 14),
(129, 'ស្រុកពាមជរ', 14),
(130, 'ស្រុកពាមរក៍', 14),
(131, 'ស្រុកពារាំង', 14),
(132, 'ស្រុកព្រះស្ដេច', 14),
(133, 'ក្រុងព្រៃវែង', 14),
(134, 'ស្រុកពោធិ៍រៀង', 14),
(135, 'ស្រុកស៊ីធរកណ្ដាល', 14),
(136, 'ស្រុកស្វាយអន្ទរ', 14),
(137, 'ស្រុកបាកាន', 15),
(138, 'ស្រុកកណ្ដៀង', 15),
(139, 'ស្រុកក្រគរ', 15),
(140, 'ស្រុកភ្នំក្រវ៉ាញ', 15),
(141, 'ក្រុងពោធិ៍សាត់', 15),
(142, 'ស្រុកវាលវែង', 15),
(143, 'ស្រុកតាលោសែនជ័យ', 15),
(144, 'ស្រុកអណ្ដូងមាស', 16),
(145, 'ក្រុងបានលុង', 16),
(146, 'ស្រុកបរកែវ', 16),
(147, 'ស្រុកកូនមុំ', 16),
(148, 'ស្រុកលំផាត់', 16),
(149, 'ស្រុកអូរជុំ', 16),
(150, 'ស្រុកអូរយ៉ាដាវ', 16),
(151, 'ស្រុកតាវែង', 16),
(152, 'ស្រុកវើនសៃ', 16),
(153, 'ស្រុកអង្គរជុំ', 17),
(154, 'ស្រុកអង្គរធំ', 17),
(155, 'ស្រុកបន្ទាយស្រី', 17),
(156, 'ស្រុកជីក្រែង', 17),
(157, 'ស្រុកក្រឡាញ់', 17),
(158, 'ស្រុកពួក', 17),
(159, 'ស្រុកប្រាសាទបាគង', 17),
(160, 'ក្រុងសៀមរាប', 17),
(161, 'ស្រុកសូទ្រនិគម', 17),
(162, 'ស្រុកស្រីស្នំ', 17),
(163, 'ស្រុកស្វាយលើ', 17),
(164, 'ស្រុកវ៉ារិន', 17),
(165, 'ក្រុងព្រះសីហនុ', 18),
(166, 'ស្រុកព្រៃនប់', 18),
(167, 'ស្រុកស្ទឹងហាវ', 18),
(168, 'ស្រុកកំពង់សីលា', 18),
(169, 'ក្រុងកោះរ៉ុង', 18),
(170, 'ស្រុកសេសាន', 19),
(171, 'ស្រុកសៀមបូក', 19),
(172, 'ស្រុកសៀមប៉ាង', 19),
(173, 'ក្រុងស្ទឹងត្រែង', 19),
(174, 'ស្រុកថាឡាបរិវ៉ាត់', 19),
(175, 'ស្រុកបុរីអូរស្វាយសែនជ័យ', 19),
(176, 'ស្រុកចន្ទ្រា', 20),
(177, 'ស្រុកកំពង់រោទិ៍', 20),
(178, 'ស្រុករំដួល', 20),
(179, 'ស្រុករមាសហែក', 20),
(180, 'ស្រុកស្វាយជ្រំ', 20),
(181, 'ក្រុងស្វាយរៀង', 20),
(182, 'ស្រុកស្វាយទាប', 20),
(183, 'ក្រុងបាវិត', 20),
(184, 'ស្រុកអង្គរបូរី', 21),
(185, 'ស្រុកបាទី', 21),
(186, 'ស្រុកបូរីជលសារ', 21),
(187, 'ស្រុកគីរីវង់', 21),
(188, 'ស្រុកកោះអណ្ដែត', 21),
(189, 'ស្រុកព្រៃកប្បាស', 21),
(190, 'ស្រុកសំរោង', 21),
(191, 'ក្រុងដូនកែវ', 21),
(192, 'ស្រុកត្រាំកក់', 21),
(193, 'ស្រុកទ្រាំង', 21),
(194, 'ស្រុកអន្លង់វែង', 22),
(195, 'ស្រុកបន្ទាយអំពិល', 22),
(196, 'ស្រុកចុងកាល់', 22),
(197, 'ក្រុងសំរោង', 22),
(198, 'ស្រុកត្រពាំងប្រាសាទ', 22),
(199, 'ស្រុកដំណាក់ចង្អើរ', 23),
(200, 'ក្រុងកែប', 23),
(201, 'ក្រុងប៉ៃលិន', 24),
(202, 'ស្រុកសាលាក្រៅ', 24),
(203, 'ស្រុកតំបែរ', 25),
(204, 'ស្រុកក្រូចឆ្មារ', 25),
(205, 'ស្រុកមេមត់', 25),
(206, 'ស្រុកអូររាំងឪ', 25),
(207, 'ស្រុកពញាក្រែក', 25),
(208, 'ក្រុងសួង', 25),
(209, 'ស្រុកត្បូងឃ្មុំ', 25);

-- --------------------------------------------------------

--
-- Table structure for table `t_guardian`
--

DROP TABLE IF EXISTS `t_guardian`;
CREATE TABLE IF NOT EXISTS `t_guardian` (
  `gdian001` varchar(8) DEFAULT NULL,
  `សោ​ ផឹង` varchar(12) DEFAULT NULL,
  `កសិករ` varchar(15) DEFAULT NULL,
  `ម៉ៃ យ៉ា` varchar(12) DEFAULT NULL,
  `មេផ្ទះ` varchar(10) DEFAULT NULL,
  `077883750` varchar(11) DEFAULT NULL,
  `574` int DEFAULT NULL
) ENGINE=MyISAM DEFAULT CHARSET=utf8;

--
-- Dumping data for table `t_guardian`
--

INSERT INTO `t_guardian` (`gdian001`, `សោ​ ផឹង`, `កសិករ`, `ម៉ៃ យ៉ា`, `មេផ្ទះ`, `077883750`, `574`) VALUES
('gdian002', 'សៅ ផុន', 'ប៉ូលីស', 'នី កល្យាណ', 'មេភូមិ', '097987831', 583),
('gdian003', 'ឡុញ ផៃ', 'អចលនករ', 'មាស ចន្ធូ', 'គ្រូបង្រៀន', '0979807834', 593),
('gdian004', 'ប្រុស ភើន', 'កីឡាករប្រដាល់', 'សេង​ សម្ផស្ស', 'មេផ្ទះ', '060666674', 582),
('gdian005', 'បុ៉ញ ភើន', 'អាជីវករ', 'មាស​ ស្រី', 'ចុងភៅ', '077883759', 254),
('gdian006', 'សៅ ម៉ៅ', 'អ្នកនេសាទ', 'ហម ស្រីដា', 'អ្នកចម្រៀង', '0979807835', 565),
('gdian007', 'រស់ ម៉ៅ', 'កសិករ', 'វ៉ា លីតា', 'កសិករ', '060468532', 581),
('gdian008', 'សុខ​ សិរីមាស', 'កសិករ', 'កេ សា', 'មេផ្ទះ', '077883756', 569),
('gdian009', 'កៅ យ៉ត', 'កសិករ', 'យ៉ា នី', 'មេផ្ទះ', '079807835', 571),
('gdian010', 'វ៉ៃ វឹត', 'កសិករ', 'សុខ ស្រីយ៉ា', 'មេផ្ទះ', '012689408', 572),
('gdian011', 'រ៉េត សារឿន', 'គ្រួបង្រៀន', 'សុខ ហេង', 'គ្រួបង្រៀន', '012678594', 599),
('gdian012', 'ហ៊ា សេង', 'ទាហ៊ាន', 'សុខ មុំ', 'គ្រួបង្រៀន', '012654543', 602),
('gdian013', 'សំ កុសល់', 'ទាហ៊ាន', 'ភា ស្រីចាន់', 'កាតដេ', '0974567897', 578),
('gdian014', 'សុខ ហេង', 'អ្នកចិញ្ចិមសត្វ', 'រស់​ មុំ', 'កាតដេ', '0987876543', 573),
('gdian015', 'ឡម សីហា', 'ទាហ៊ាន', 'កៅ ផារ', 'កាតដេ', '015555901', 576),
('gdian016', 'ឡោ ឡឹម', 'មេភូមិ', 'វ៉ា ម៉ារី', 'គ្រួបង្រៀន', '012589403', 577),
('gdian017', 'អយ អឿន', 'កសិករ', 'សុខ មេសា', 'មេផ្ទះ', '0974567897', 567),
('gdian018', 'សំ កុសល', 'ទាហ៊ាន', 'សេង​ សម្ផស្ស', 'មេផ្ទះ', '0987876543', 254),
('gdian019', 'ខ្លែង សា', 'កសិករ', 'យ៉ា រី', 'មេផ្ទះ', '0979807835', 575),
('gdian020', 'តួន សីហា', 'ទាហ៊ាន', 'ក្លែប សា', 'មេផ្ទះ', '012787986', 254),
('gdian021', 'សុខ​ ហេង', 'ទាហ៊ាន', 'យាន យ៉ានី', 'មេផ្ទះ', '0979807528', 254),
('gdian022', 'ងែត​ ងឹម', 'កសិករ', 'ស្រី វុច', 'មេផ្ទះ', '09798074571', 254),
('gdian023', 'ឈឿត ឈៀង', 'អ្នកចិញ្ចិមសត្វ', 'ម៉ៅ រក្សា', 'កាតដេ', '0979807558', 254),
('gdian024', 'ណេង ណាង', 'អ្នកចិញ្ចិមសត្វ', 'ពៅ ស្រី', 'គ្រួបង្រៀន', '0257458647', 254),
('gdian025', 'ណម ណេង', 'កសិករ', 'សៅ ស្រីលី', 'កាតដេ', '012253857', 254),
('gdian026', 'នួន នាង', 'ទាហ៊ាន', 'ម៉ៃ យ៉ា', 'កាតដេ', '012456987', 254),
('gdian027', 'រស់ នូវ', 'កសិករ', 'សុខ សាន្ត', 'កាតដេ', '0125465847', 254),
('gdian028', 'ហុង បុត្រា', 'ទាហ៊ាន', 'ហុង ហុយ', 'មេផ្ទះ', '012546548', 254),
('gdian029', 'មាស​ ប្រាក', 'ម្ចាស់​ដីឡូត៍', 'លុយ កាក', 'គ្រួបង្រៀន', '012555587', 254),
('gdian030', 'សុខ ម៉ៅ', 'មេធាវី', 'រេត​ រឿត', 'កាតដេ', '0125465876', 254),
('gdian031', 'មុត​ ម៉ៅ', 'មេភូមិ', 'ស្រស់ ស្រី', 'គ្រួបង្រៀន', '01254876', 254),
('gdian032', 'មុច​​ មាល', 'កសិករ', 'កយ កុច', 'មេផ្ទះ', '01254697', 254),
('gdian033', 'សៅ មឿន', 'ទាហ៊ាន', 'សយ ស៊ី', 'កាតដេ', '0979807835', 254),
('gdian034', 'យ៉យ យី', 'មេភូមិ', 'លី លិន', 'កាតដេ', '0979807835', 254),
('gdian035', 'មឿត យួន', 'កសិករ', 'សរ សៅ', 'មេផ្ទះ', '0979807835', 254),
('gdian036', 'វន់ វិត', 'កសិករ', 'លុន លី', 'កាតដេ', '0987876543', 254),
('gdian037', 'មិម ម៉ា', 'ទាហ៊ាន', 'កែប កាន', 'មេផ្ទះ', '0646832177', 254);

-- --------------------------------------------------------

--
-- Table structure for table `t_province`
--

DROP TABLE IF EXISTS `t_province`;
CREATE TABLE IF NOT EXISTS `t_province` (
  `1` int DEFAULT NULL,
  `ខេត្តបន្ទាយមានជ័យ` varchar(17) DEFAULT NULL
) ENGINE=MyISAM DEFAULT CHARSET=utf8;

--
-- Dumping data for table `t_province`
--

INSERT INTO `t_province` (`1`, `ខេត្តបន្ទាយមានជ័យ`) VALUES
(2, 'ខេត្តបាត់ដំបង'),
(3, 'ខេត្តកំពង់ចាម'),
(4, '	ខេត្តកំពង់ឆ្នាំង'),
(5, 'ខេត្តកំពង់ស្ពឺ'),
(6, 'ខេត្តកំពង់ធំ'),
(7, 'ខេត្តកំពត'),
(8, 'ខេត្តកណ្ដាល'),
(9, 'ខេត្តកោះកុង'),
(10, 'ខេត្តក្រចេះ'),
(11, 'ខេត្តមណ្ឌលគិរី'),
(12, 'រាជធានីភ្នំពេញ'),
(13, 'ខេត្តព្រះវិហារ'),
(14, 'ខេត្តព្រៃវែង'),
(15, 'ខេត្តពោធិ៍សាត់'),
(16, 'ខេត្តរតនគិរី'),
(17, 'ខេត្តសៀមរាប'),
(18, 'ខេត្តព្រះសីហនុ'),
(19, 'ខេត្តស្ទឹងត្រែង'),
(20, 'ខេត្តស្វាយរៀង'),
(21, 'ខេត្តតាកែវ'),
(22, 'ខេត្តឧត្ដរមានជ័យ'),
(23, 'ខេត្តកែប'),
(24, 'ខេត្តប៉ៃលិន'),
(25, 'ខេត្តត្បូងឃ្មុំ');

-- --------------------------------------------------------

--
-- Table structure for table `t_roles`
--

DROP TABLE IF EXISTS `t_roles`;
CREATE TABLE IF NOT EXISTS `t_roles` (
  `role001` varchar(7) DEFAULT NULL,
  `Teacher` varchar(14) DEFAULT NULL,
  `Teacher roles` varchar(22) DEFAULT NULL
) ENGINE=MyISAM DEFAULT CHARSET=utf8;

--
-- Dumping data for table `t_roles`
--

INSERT INTO `t_roles` (`role001`, `Teacher`, `Teacher roles`) VALUES
('role002', 'Student', 'Student roles'),
('role003', 'Accountant', 'Accounting roles'),
('role004', 'Admin', 'General administration'),
('role005', 'administrative', 'System Administrator'),
('role006', 'Librarian', 'roles for librarian');

-- --------------------------------------------------------

--
-- Table structure for table `t_rooms`
--

DROP TABLE IF EXISTS `t_rooms`;
CREATE TABLE IF NOT EXISTS `t_rooms` (
  `room001` varchar(7) DEFAULT NULL,
  `ថ្នាក់ទី​​ ១ (ក)` varchar(14) DEFAULT NULL
) ENGINE=MyISAM DEFAULT CHARSET=utf8;

--
-- Dumping data for table `t_rooms`
--

INSERT INTO `t_rooms` (`room001`, `ថ្នាក់ទី​​ ១ (ក)`) VALUES
('room002', 'ថ្នាក់ទី ១ (ខ)'),
('room003', 'ថ្នាក់ទី ២ (ក)'),
('room004', 'ថ្នាក់ទី ៣ (ក)'),
('room005', 'ថ្នាក់ទី ៣ (ខ)'),
('room006', 'ថ្នាក់ទី ៤ (ក)'),
('room007', 'ថ្នាក់ទី ៥ (ក)'),
('room008', 'ថ្នាក់ទី ៦ (ក)');

-- --------------------------------------------------------

--
-- Table structure for table `t_student`
--

DROP TABLE IF EXISTS `t_student`;
CREATE TABLE IF NOT EXISTS `t_student` (
  `stu017` varchar(6) DEFAULT NULL,
  `ផឹង` varchar(6) DEFAULT NULL,
  `សុជាតា` varchar(12) DEFAULT NULL,
  `ស្រី` varchar(5) DEFAULT NULL,
  `ខ្មែរ` varchar(5) DEFAULT NULL,
  `01-01-2009` varchar(10) DEFAULT NULL,
  `861` int DEFAULT NULL,
  `574` int DEFAULT NULL,
  `0979807839` varchar(11) DEFAULT NULL,
  `gdian001` varchar(8) DEFAULT NULL,
  `Poeng.JPG` varchar(9) DEFAULT NULL,
  `user019` varchar(7) DEFAULT NULL
) ENGINE=MyISAM DEFAULT CHARSET=utf8;

--
-- Dumping data for table `t_student`
--

INSERT INTO `t_student` (`stu017`, `ផឹង`, `សុជាតា`, `ស្រី`, `ខ្មែរ`, `01-01-2009`, `861`, `574`, `0979807839`, `gdian001`, `Poeng.JPG`, `user019`) VALUES
('stu018', 'ផុន', 'ផាវិត', 'ប្រុស', 'ខ្មែរ', '07-03-2009', 566, 583, '0979807841', 'gdian010', '66.jpg', ''),
('stu019', 'ផៃ', 'វណ្ណឌី', 'ស្រី', 'ខ្មែរ', '11-08-2006', 567, 593, '0979807842', 'gdian011', '5.JPG', ''),
('stu020', 'ភើន', 'ចន្រ្ទា', 'ស្រី', 'ខ្មែរ', '08-05-2006', 565, 582, '0979807843', 'gdian012', '60.JPG', ''),
('stu021', 'ភើន', 'សីហា', 'ប្រុស', 'ខ្មែរ', '04-04-2007', 565, 582, '0979807844', 'gdian012', '59.JPG', ''),
('stu022', 'ម៉ៅ', 'ពុទ្ធារី', 'ស្រី', 'ខ្មែរ', '12-08-2010', 669, 565, '0979807845', 'gdian014', '58.JPG', ''),
('stu023', 'ម៉ៅ', 'សុនិស្សា', 'ស្រី', 'ខ្មែរ', '10-12-2009', 565, 565, '0979807846', 'gdian015', '14.JPG', ''),
('stu024', 'មាស', 'ចាន់ស៊ីម', 'ប្រុស', 'ខ្មែរ', '16-05-2008', 572, 569, '0979807847', 'gdian016', '56.JPG', ''),
('stu025', 'យ៉ត', 'គាថា', 'ស្រី', 'ខ្មែរ', '14-11-2008', 565, 571, '0979807848', 'gdian017', '55.JPG', ''),
('stu026', 'រឹត', 'រីយ៉ា', 'ស្រី', 'ខ្មែរ', '04-01-2008', 424, 572, '0979807848', 'gdian018', '54.JPG', ''),
('stu027', 'សារឿន', 'សានាថ', 'ប្រុស', 'ខ្មែរ', '06-06-2010', 1018, 599, '0979807849', 'gdian019', '53.JPG', ''),
('stu028', 'សេង', 'ចិន្ដា', 'ប្រុស', 'ខ្មែរ', '28-01-2008', 791, 602, '0979807850', 'gdian019', '52.JPG', ''),
('stu030', 'ហេង', 'សៀកម៉ី', 'ប្រុស', 'ខ្មែរ', '06-02-2008', 573, 573, '0979807852', 'gdian021', '50.JPG', ''),
('stu031', 'ឡម', 'សុជាតិ', 'ប្រុស', 'ខ្មែរ', '25-05-2008', 570, 576, '0979807853', 'gdian023', '23.JPG', ''),
('stu032', 'ឡឺម', 'ស៊ីណា', 'ស្រី', 'ខ្មែរ', '10-05-2008', 165, 577, '060468301', 'gdian025', '78.JPG', ''),
('stu033', 'អឿន', 'គូគូ', 'ប្រុស', 'ខ្មែរ', '01-08-2008', 1330, 567, '060468302', 'gdian026', '15.JPG', ''),
('stu034', 'កុសល', 'សាវីណា', 'ប្រុស', 'ខ្មែរ', '18-11-2013', 313, 578, '0979807835', 'gdian028', '47.JPG', ''),
('stu035', 'ខ្លែង', 'រតនា', 'ស្រី', 'ខ្មែរ', '24-06-2012', 716, 575, '0979807835', 'gdian029', '46.JPG', ''),
('stu036', 'គួន', 'លីហឺ', 'ប្រុស', 'ខ្មែរ', '09-10-2012', 565, 565, '0979807886', 'gdian029', '45.JPG', ''),
('stu037', 'ងឹម', 'ដាវីន', 'ប្រុស', 'ខ្មែរ', '21-05-2013', 565, 565, '097980758', 'gdian030', '44.JPG', ''),
('stu038', 'ចំរើន', 'រក្សា', 'ស្រី', 'ខ្មែរ', '06-03-2012', 565, 565, '077883750', 'gdian031', '43.JPG', ''),
('stu039', 'ឈុន', 'យូណា', 'ប្រុស', 'ខ្មែរ', '27-03-2013', 565, 565, '0979807858', 'gdian032', '42.JPG', ''),
('stu040', 'ឈៀង', 'មាសម៉ូនីកា', 'ស្រី', 'ខ្មែរ', '05-03-2013', 565, 565, '0979807861', 'gdian033', '41.JPG', ''),
('stu041', 'ណាង', 'សុខអ៊ីន', 'ប្រុស', 'ខ្មែរ', '18-12-2013', 565, 565, '0979807587', 'gdian034', '33.JPG', ''),
('stu042', 'ណេង', 'ណារ៉ុង', 'ប្រុស', 'ខ្មែរ', '25-09-2011', 565, 565, '097980786', 'gdian035', '40.JPG', ''),
('stu043', 'នាង', 'ស្រីនិច', 'ស្រី', 'ខ្មែរ', '23-07-2013', 565, 565, '0979807865', 'gdian036', '39.JPG', ''),
('stu044', 'នូវ', 'សុវណ្ណាឫទ្ធី', 'ស្រី', 'ខ្មែរ', '28-11-2013', 565, 565, '0979807835', 'gdian037', '38.JPG', ''),
('stu045', 'បុត្រា', 'ឆានេត្រ', 'ស្រី', 'ខ្មែរ', '19-02-2013', 565, 565, '097980789', 'gdian038', '37.JPG', ''),
('stu046', 'ប្រាក់', 'នីសា', 'ស្រី', 'ខ្មែរ', '17-01-2013', 565, 565, '0979807123', 'gdian039', '36.JPG', ''),
('stu047', 'ពន្លក់', 'ជីវលី', 'ប្រុស', 'ខ្មែរ', '23-07-2012', 565, 565, '0979807321', 'gdian040', '35.JPG', ''),
('stu048', 'ពៅ', 'សារ៉ូត', 'ប្រុស', 'ខ្មែរ', '27-09-2012', 565, 565, '07055955', 'gdian041', '34.JPG', ''),
('stu049', 'ម៉ុត', 'ស៊ីវ៉ាត់', 'ប្រុស', 'ខ្មែរ', '12-10-2012', 565, 565, '070955598', 'gdian042', '33.JPG', ''),
('stu050', 'ម៉ៅ', 'កំសត់', 'ប្រុស', 'ខ្មែរ', '02-04-2012', 565, 565, '0979807987', 'gdian043', '32.JPG', ''),
('stu051', 'ម៉ៅ', 'សុជាតា', 'ប្រុស', 'ខ្មែរ', '25-03-2012', 565, 565, '09798078654', 'gdian043', '22.JPG', ''),
('stu052', 'មាល', 'គន្ធា', 'ស្រី', 'ខ្មែរ', '23-06-2013', 565, 565, '060468309', 'gdian044', '30.JPG', ''),
('stu053', 'មឿន', 'ស្រីឌី', 'ស្រី', 'ខ្មែរ', '26-01-2010', 565, 565, '09798078348', 'gdian045', '29.JPG', ''),
('stu054', 'យី', 'លីសា', 'ស្រី', 'ខ្មែរ', '30-05-2013', 565, 565, '0979807833', 'gdian046', '25.JPG', ''),
('stu055', 'យួន', 'លាងហាក់', 'ស្រី', 'ខ្មែរ', '23-06-2012', 565, 565, '097986952', 'gdian047', '28.JPG', ''),
('stu056', 'រិត', 'ស្រីណេ', 'ស្រី', 'ខ្មែរ', '24-05-2013', 565, 565, '0979807833', 'gdian048', '13.JPG', ''),
('stu057', 'រិន', 'សានុត', 'ស្រី', 'ខ្មែរ', '18-04-2012', 565, 565, '0979807881', 'gdian048', '20.JPG', ''),
('stu058', 'រិន', 'សុកាន់យ៉ា', 'ស្រី', 'ខ្មែរ', '12-05-2013', 565, 565, '0979807896', 'gdian049', '19.JPG', ''),
('stu059', 'រើន', 'រក្សា', 'ស្រី', 'ខ្មែរ', '06-03-2013', 565, 565, '0979807865', 'gdian050', '18.JPG', ''),
('stu060', 'លឹម', 'ចាន់ដារ៉ូ', 'ស្រី', 'ខ្មែរ', '30-09-2012', 565, 565, '0979807838', 'gdian051', '12.JPG', ''),
('stu061', 'លឿង', 'សុខថា', 'ស្រី', 'ខ្មែរ', '13-05-2011', 565, 565, '0979807858', 'gdian052', '11.JPG', ''),
('stu062', 'វ៉ន', 'ចាន់ថា', 'ប្រុស', 'ខ្មែរ', '07-03-2013', 565, 565, '0979807888', 'gdian053', '27.JPG', ''),
('stu063', 'វុទ្ធី', 'ចាន់ណា', 'ប្រុស', 'ខ្មែរ', '23-01-2013', 565, 565, '0979807872', 'gdian054', '26.JPG', ''),
('stu064', 'សង់', 'អានឆា', 'ប្រុស', 'ខ្មែរ', '12-12-2012', 565, 565, '0979807868', 'gdian055', '24.JPG', ''),
('stu065', 'ស៊ាង', 'ប៉ាឡាលីសា', 'ស្រី', 'ខ្មែរ', '24-06-2013', 565, 565, '0979807899', 'gdian056', '10.JPG', ''),
('stu066', 'ស៊ឺន', 'សុខភា', 'ស្រី', 'ខ្មែរ', '24-06-2012', 565, 565, '0979807855', 'gdian056', '9.JPG', ''),
('stu067', 'សុខ', 'ជា', 'ស្រី', 'ខ្មែរ', '14-09-2012', 565, 565, '0979807822', 'gdian057', '8.JPG', ''),
('stu068', 'សុខ', 'នីសា', 'ស្រី', 'ខ្មែរ', '01-07-2013', 565, 565, '0979807845', 'gdian059', '4.JPG', ''),
('stu069', 'ម៉ា', 'ឡា', 'ប្រុស', 'ខ្មែរ', '2000-08-12', 565, 565, '060468304', 'gdian037', 'user1.jpg', 'user022');

-- --------------------------------------------------------

--
-- Table structure for table `t_student_class`
--

DROP TABLE IF EXISTS `t_student_class`;
CREATE TABLE IF NOT EXISTS `t_student_class` (
  `cls001` varchar(6) DEFAULT NULL,
  `stu017` varchar(6) DEFAULT NULL
) ENGINE=MyISAM DEFAULT CHARSET=utf8;

--
-- Dumping data for table `t_student_class`
--

INSERT INTO `t_student_class` (`cls001`, `stu017`) VALUES
('cls001', 'stu018'),
('cls001', 'stu019'),
('cls001', 'stu020'),
('cls001', 'stu021'),
('cls001', 'stu022'),
('cls001', 'stu023'),
('cls001', 'stu024'),
('cls001', 'stu025');

-- --------------------------------------------------------

--
-- Table structure for table `t_subject`
--

DROP TABLE IF EXISTS `t_subject`;
CREATE TABLE IF NOT EXISTS `t_subject` (
  `sub001` varchar(6) DEFAULT NULL,
  `ភាសាខ្មែរ` varchar(13) DEFAULT NULL,
  `cate001` varchar(7) DEFAULT NULL
) ENGINE=MyISAM DEFAULT CHARSET=utf8;

--
-- Dumping data for table `t_subject`
--

INSERT INTO `t_subject` (`sub001`, `ភាសាខ្មែរ`, `cate001`) VALUES
('sub002', 'គណិតវិទ្យា', 'cate001'),
('sub003', 'វិទ្យាសាស្ត្រ', 'cate001'),
('sub004', 'សិក្សាសង្គម', 'cate001'),
('sub005', 'ភាសាបរទេស', 'cate001'),
('sub006', 'បំនិនជីវិត', 'cate001');

-- --------------------------------------------------------

--
-- Table structure for table `t_subject_category`
--

DROP TABLE IF EXISTS `t_subject_category`;
CREATE TABLE IF NOT EXISTS `t_subject_category` (
  `cate001` varchar(7) DEFAULT NULL,
  `បឋមសិក្សា` varchar(12) DEFAULT NULL
) ENGINE=MyISAM DEFAULT CHARSET=utf8;

--
-- Dumping data for table `t_subject_category`
--

INSERT INTO `t_subject_category` (`cate001`, `បឋមសិក្សា`) VALUES
('cate003', 'វិទ្យាល័យ'),
('cate002', 'អនុវិទ្យាល័យ');

-- --------------------------------------------------------

--
-- Table structure for table `t_subject_class`
--

DROP TABLE IF EXISTS `t_subject_class`;
CREATE TABLE IF NOT EXISTS `t_subject_class` (
  `cls001` varchar(6) DEFAULT NULL,
  `sub001` varchar(6) DEFAULT NULL
) ENGINE=MyISAM DEFAULT CHARSET=utf8;

--
-- Dumping data for table `t_subject_class`
--

INSERT INTO `t_subject_class` (`cls001`, `sub001`) VALUES
('cls001', 'sub002'),
('cls001', 'sub003'),
('cls001', 'sub004'),
('cls002', 'sub001'),
('cls002', 'sub002'),
('cls002', 'sub003'),
('cls002', 'sub004'),
('cls003', 'sub001'),
('cls003', 'sub002'),
('cls003', 'sub004'),
('cls004', 'sub001'),
('cls004', 'sub002'),
('cls004', 'sub003'),
('cls004', 'sub004'),
('cls004', 'sub005');

-- --------------------------------------------------------

--
-- Table structure for table `t_teacher`
--

DROP TABLE IF EXISTS `t_teacher`;
CREATE TABLE IF NOT EXISTS `t_teacher` (
  `Teacher0001` varchar(11) DEFAULT NULL,
  `បុល` varchar(6) DEFAULT NULL,
  `បុប្ផា` varchar(7) DEFAULT NULL,
  `ស្រី` varchar(5) DEFAULT NULL,
  `ខ្មែរ` varchar(5) DEFAULT NULL,
  `07865248888` bigint DEFAULT NULL,
  `01/05/1998` varchar(10) DEFAULT NULL,
  `86` int DEFAULT NULL,
  `060468308` varchar(10) DEFAULT NULL,
  `នៅលីវ` varchar(5) DEFAULT NULL,
  `152` int DEFAULT NULL,
  `Sam.jpg` varchar(15) DEFAULT NULL,
  `កម្ពុជា` varchar(7) DEFAULT NULL,
  `user002` varchar(7) DEFAULT NULL
) ENGINE=MyISAM DEFAULT CHARSET=utf8;

--
-- Dumping data for table `t_teacher`
--

INSERT INTO `t_teacher` (`Teacher0001`, `បុល`, `បុប្ផា`, `ស្រី`, `ខ្មែរ`, `07865248888`, `01/05/1998`, `86`, `060468308`, `នៅលីវ`, `152`, `Sam.jpg`, `កម្ពុជា`, `user002`) VALUES
('Teacher0002', 'គីង', 'វិចិត្ត', 'ប្រុស', 'ខ្មែរ', 17000006587, '10/05/1990', 57, '077883756', 'នៅលីវ', 59, 'king vichet.jpg', 'កម្ពុជា', 'user021'),
('Teacher0003', 'dccsDc', 'cSDCsdc', 'ប្រុស', 'ខ្មែរ', 123123, '2021-11-03', 155, '0999999999', 'នៅលីវ', 340, '21232.png', 'កម្ពុជា', '');

-- --------------------------------------------------------

--
-- Table structure for table `t_teacher_class`
--

DROP TABLE IF EXISTS `t_teacher_class`;
CREATE TABLE IF NOT EXISTS `t_teacher_class` (
  `cls001` varchar(6) DEFAULT NULL,
  `Teacher0001` varchar(11) DEFAULT NULL
) ENGINE=MyISAM DEFAULT CHARSET=utf8;

--
-- Dumping data for table `t_teacher_class`
--

INSERT INTO `t_teacher_class` (`cls001`, `Teacher0001`) VALUES
('cls001', 'Teacher0002'),
('cls001', 'Teacher0004'),
('cls001', 'Teacher0008'),
('cls002', 'Teacher0001'),
('cls002', 'Teacher0002'),
('cls002', 'Teacher0007'),
('cls002', 'Teacher0008'),
('cls003', 'Teacher0002'),
('cls003', 'Teacher0003'),
('cls003', 'Teacher0009');
COMMIT;

/*!40101 SET CHARACTER_SET_CLIENT=@OLD_CHARACTER_SET_CLIENT */;
/*!40101 SET CHARACTER_SET_RESULTS=@OLD_CHARACTER_SET_RESULTS */;
/*!40101 SET COLLATION_CONNECTION=@OLD_COLLATION_CONNECTION */;
